AAPL,META,MSFT
15.961039543151855,38.05066680908203,23.350187301635746
17.012514114379883,32.875057220458984,23.19063949584961
17.385976791381836,29.46114730834961,23.286365509033203
17.197288513183594,26.684236526489254,23.414011001586918
17.338729858398438,27.271469116210938,23.36614227294922
17.628225326538086,31.262657165527344,23.804908752441406
17.51748275756836,32.89496612548828,24.490970611572266
17.124757766723633,31.212892532348636,23.860750198364254
18.35528945922852,31.322376251220703,24.490970611572266
18.189472198486328,30.824722290039062,23.374122619628903
18.265012741088867,27.958232879638672,23.661312103271484
18.17142105102539,28.615135192871094,23.3581657409668
17.60957145690918,23.598777770996094,23.741090774536133
18.29059600830078,19.945993423461918,23.286365509033203
18.6538143157959,20.622804641723636,24.195804595947266
19.09144401550293,20.284399032592773,24.195491790771484
20.10270118713379,19.916135787963867,24.68533706665039
20.04437065124512,19.31894874572754,24.540794372558597
20.064008712768555,19.00044822692871,24.34806632995605
20.43878173828125,18.87105941772461,25.17519187927246
20.24293327331543,20.83181953430176,24.71746826171875
21.21369743347168,21.767410278320312,25.03867721557617
20.877613067626957,20.69247817993164,24.71746826171875
20.16162872314453,21.558395385742188,23.89836311340332
20.152570724487305,21.847036361694336,24.11518096923828
19.37009048461914,19.54786872863769,23.271995544433597
19.638473510742188,19.388622283935547,23.68154525756836
19.162166595458984,19.2293701171875,22.485017776489254
18.254573822021484,21.83708000183105,22.65365982055664
17.66885757446289,21.150320053100582,23.793968200683597
16.609203338623047,19.11988639831543,23.15154457092285
15.95826816558838,22.06600379943848,21.58487701416016
17.053686141967773,24.205915451049805,21.81967163085937
17.698551177978516,26.23634910583496,22.1516170501709
17.48328971862793,27.331188201904297,21.350082397460938
16.085786819458008,27.70940589904785,21.811580657958984
15.477653503417969,26.684236526489254,21.706321716308597
15.840161323547363,27.231658935546875,22.410701751708984
15.637659072875977,25.92780113220215,21.827770233154297
16.4586124420166,27.639732360839844,22.062562942504883
15.699594497680664,30.446502685546875,21.61726188659668
14.752937316894531,29.958803176879883,22.030168533325195
15.32524585723877,30.58584976196289,21.981595993041992
13.657221794128418,32.31768798828125,22.59692001342773
13.772286415100098,29.590538024902344,22.61311149597168
14.298405647277832,28.51560401916504,22.08684539794922
14.261456489562988,27.779077529907227,22.694072723388672
13.706889152526855,28.32649803161621,22.751354217529297
13.710551261901855,27.26151466369629,22.34318351745605
12.827399253845217,27.589967727661133,22.97991752624512
13.1837739944458,27.828842163085938,22.85747337341309
13.20759391784668,26.913158416748047,22.971763610839844
13.805522918701172,25.738693237304688,23.11870002746582
14.082196235656738,25.09174156188965,22.98809051513672
13.124836921691896,25.300756454467773,23.51054954528809
13.015510559082031,26.724048614501957,23.33910751342773
13.125144958496094,27.271469116210938,23.50238609313965
11.97234058380127,25.56949234008789,23.50238609313965
12.381847381591797,25.987520217895508,25.926910400390625
13.52152156829834,27.639732360839844,27.02080535888672
14.069066047668455,27.440671920776367,27.551424026489254
13.924262046813965,26.554845809936523,26.68609619140625
13.358953475952148,26.00742530822754,28.01590347290039
13.567066192626951,25.041976928710938,28.45159149169922
13.677727699279783,23.21060943603516,28.67355155944824
13.811752319335938,23.409669876098636,28.763988494873047
13.491443634033203,24.21586799621582,29.15857315063477
13.219706535339355,23.519153594970703,28.278959274291992
12.813629150390623,23.787887573242188,27.53088760375977
12.236642837524414,24.046669006347656,28.23784828186035
12.864352226257324,24.295494079589844,27.900798797607425
12.98300552368164,25.3604793548584,28.23784828186035
13.13947296142578,26.156723022460938,29.734020233154297
13.0629301071167,25.75859832763672,25.81277847290039
13.479455947875977,34.19882583618164,25.80454444885254
13.910737991333008,36.62737274169922,26.17447662353516
14.301749229431152,38.3691635131836,25.96074104309082
14.461471557617188,38.040714263916016,27.02120780944824
15.54354190826416,36.906063079833984,26.325801849365234
15.563034057617188,38.3691635131836,26.814239501953125
15.189862251281738,40.35977935791016,27.335786819458008
15.430907249450684,41.584014892578125,25.82909202575684
15.305593490600586,43.39547348022461,26.814239501953125
13.92801570892334,42.31058883666992,27.153661727905277
14.463018417358398,47.26723098754883,27.1453800201416
15.045049667358398,50.153621673583984,27.12881851196289
15.148402214050291,50.04413986206055,28.080854415893555
14.881675720214844,46.91886901855469,27.327510833740234
15.348912239074709,49.27774810791016,28.51963233947754
15.746522903442385,53.96566009521485,28.941823959350582
16.458831787109375,52.20396423339844,27.91529083251953
16.24192237854004,48.78009796142578,29.42198944091797
16.25893783569336,49.874942779541016,30.33262252807617
16.154674530029297,45.98328399658203,31.119081497192383
16.339555740356445,48.78009796142578,31.3260555267334
16.219724655151367,46.480934143066406,31.196605682373047
16.99221420288086,46.27191925048828,31.363435745239254
17.58480453491211,48.39192962646485,32.481163024902344
17.601919174194336,50.014286041259766,31.78883934020996
17.351381301879883,53.55758285522461,30.771202087402344
17.087446212768555,54.8614387512207,30.696128845214844
17.43199348449707,55.179935455322266,31.10485076904297
16.837217330932617,54.30406951904297,30.78787612915039
16.698402404785156,56.95158767700195,29.63677215576172
17.347026824951172,57.32980346679688,30.66277503967285
17.164955139160156,57.2402229309082,29.970436096191406
15.764071464538574,54.881343841552734,30.254037857055664
15.609393119812012,61.19160079956055,30.42920684814453
16.271102905273438,64.01828002929688,30.49594116210937
17.046018600463867,67.01416778564453,31.37178039550781
16.63022804260254,69.3033676147461,31.724681854248047
16.198148727416992,68.93511962890625,31.48935890197754
16.63304328918457,68.47726440429688,32.279327392578125
16.62302589416504,71.69210815429688,31.78351783752441
16.427961349487305,67.40232849121094,31.682662963867188
16.553518295288086,66.65585327148438,33.89287567138672
16.90043067932129,60.106712341308594,33.43907165527344
16.95897674560547,62.32625198364258,34.808895111083984
16.389766693115234,56.68285751342773,33.44747543334961
16.26891326904297,58.25544357299805,32.95164489746094
16.435789108276367,58.66351318359375,33.62395477294922
17.77678871154785,60.5844612121582,33.49789047241211
18.47562789916992,59.49957656860352,33.95170211791992
18.610885620117188,58.25544357299805,32.82558822631836
18.66508674621582,59.549346923828125,33.59033966064453
18.812440872192383,57.747833251953125,33.70882034301758
19.119728088378903,60.236106872558594,33.93732452392578
20.00476455688477,63.53058242797852,34.14044570922852
20.30198097229004,63.04288101196289,34.1235237121582
20.77205467224121,65.46147155761719,34.79209899902344
20.320240020751957,63.88888931274414,35.12217330932617
20.035932540893555,64.19743347167969,35.274513244628906
20.033735275268555,66.81510162353516,35.30835723876953
20.602344512939453,66.1382827758789,35.46070098876953
21.02330017089844,64.66523742675781,35.26604080200195
21.007871627807617,66.85490417480469,35.92616653442383
20.703718185424805,69.07444763183594,37.948875427246094
21.52579689025879,74.83729553222656,37.661128997802734
21.069581985473636,72.30921173095703,36.52706146240234
20.92852783203125,72.13005065917969,36.171607971191406
21.25633430480957,72.48836517333984,36.83173751831055
21.96288299560547,74.24010467529297,38.17738342285156
22.44129943847656,74.2201919555664,38.44989776611328
22.647289276123047,73.5135269165039,38.21995162963867
21.73253059387207,75.59371948242188,38.54357147216797
22.37042999267578,77.0667953491211,39.88911056518555
22.33941650390625,75.7231216430664,39.82098388671875
22.383712768554688,76.43973541259766,40.07645797729492
22.315053939819336,78.42040252685547,39.52290725708008
22.126789093017575,76.71842193603516,38.9693717956543
22.32612609863281,77.1563491821289,39.838008880615234
21.87207794189453,73.24479675292969,37.24061584472656
22.095779418945312,76.58903503417969,37.53868103027344
23.30511283874512,80.29158782958984,39.284461975097656
23.69493103027344,73.76236724853516,39.2163314819336
24.111330032348636,74.47898864746094,40.75774002075195
24.402740478515625,74.26000213623047,41.617862701416016
25.357044219970703,73.8917465209961,42.120304107666016
25.90872383117676,73.404052734375,41.11763000488281
26.45594596862793,77.33551025390625,40.971954345703125
25.69072914123535,74.88705444335938,41.85464859008789
24.903247833251957,75.82264709472656,40.19210815429688
23.74650764465332,74.33963775634766,38.700965881347656
25.12347984313965,81.06791687011719,41.11763000488281
25.33924865722656,79.6446304321289,40.6634521484375
23.63528060913086,76.82791900634766,39.7036361694336
24.91659545898437,77.37533569335938,40.44063568115234
23.7620849609375,73.70264434814453,38.97520065307617
25.003347396850582,77.2857437133789,40.38921356201172
25.650680541992188,75.88236236572266,35.298797607421875
26.39365768432617,75.04631042480469,35.650146484375
26.736791610717773,74.09081268310547,36.30145263671875
28.38047981262207,75.38471221923828,37.59547424316406
28.92093849182129,79.52520751953125,37.85440826416016
29.126392364501957,80.0328140258789,38.02701568603516
28.70653533935547,80.5205078125,37.16394805908203
27.806528091430664,77.18622589111328,36.27497100830078
27.9047908782959,77.70378112792969,35.86933135986328
28.11696052551269,83.40690612792969,37.00859069824219
27.746227264404297,82.62062072753906,35.567237854003906
27.748464584350582,81.28689575195312,35.14435195922852
28.049949645996094,81.89404296875,35.74850082397461
28.20628547668457,83.12821197509766,35.94701385498047
28.49660873413086,82.70023345947266,37.034481048583984
29.09513282775879,81.14755249023438,41.31532669067383
27.949460983276367,78.40049743652344,41.97990036010742
27.918193817138672,77.733642578125,39.94303512573242
28.227670669555664,77.09664154052734,40.86651992797852
29.19647789001465,80.50059509277344,41.43616485595703
29.723485946655277,80.16219329833984,40.7411994934082
29.216665267944336,78.81853485107422,40.70647430419922
29.01034164428711,81.66512298583984,40.272117614746094
28.90269470214844,81.77459716796875,40.48929214477539
28.61564064025879,80.67975616455078,39.81171417236328
28.617883682250977,84.34249114990234,40.15918731689453
28.42502212524414,87.59715270996094,39.31654739379883
28.355499267578125,86.88053894042969,38.56950759887695
26.92695617675781,85.47714233398438,38.67374801635742
28.44072151184082,89.33894348144531,39.75090789794922
29.322065353393555,97.928466796875,41.0713005065918
27.53246688842773,93.7282485961914,39.39475631713867
27.20280265808105,93.56901550292967,40.567474365234375
25.93598175048828,94.6738052368164,40.49797058105469
25.96076202392578,93.74817657470705,40.60222244262695
26.244609832763672,94.72356414794922,41.33340072631836
23.23042869567871,81.70492553710938,36.44545364379883
25.521472930908203,90.58308410644533,38.412872314453125
24.863672256469727,87.73649597167969,38.03688049316406
25.359277725219727,91.5485382080078,37.85324478149414
26.224340438842773,93.01163482666016,38.73639678955078
25.546260833740234,92.52392578125,38.38664627075195
25.32999420166016,88.7915267944336,37.85324478149414
24.865922927856445,91.63810729980467,39.84690475463867
24.667680740356445,92.03623962402344,41.49079132080078
24.8276309967041,93.62872314453124,40.8174934387207
25.62961196899414,96.54498291015624,41.77059555053711
25.969776153564453,103.28321838378906,47.436790466308594
26.920434951782227,101.49166870117188,46.02898788452149
27.35693359375,108.24983215332033,47.55046081542969
26.268722534179688,108.4986343383789,46.91212844848633
25.721216201782227,104.63684844970705,46.62973403930664
26.63974952697754,106.44830322265624,47.703704833984375
26.76418685913086,103.75101470947266,47.84456253051758
26.929338455200195,105.68191528320312,49.21783065795898
26.28229331970215,104.92548370361328,48.6544303894043
25.189558029174805,106.2890625,49.4115104675293
24.259714126586918,105.01506805419922,48.72486114501953
24.601327896118164,106.7568588256836,49.78122329711914
23.23710250854492,102.24810791015624,48.46077728271485
22.291414260864254,97.05259704589844,46.03993225097656
21.974681854248047,94.52449798583984,44.8867416381836
22.94525718688965,97.48057556152344,46.0311279296875
21.28691291809082,108.59817504882812,45.82866668701172
21.7982120513916,112.16138458251952,45.916690826416016
21.607141494750977,99.07306671142578,43.38141250610352
21.982465744018555,101.13335418701172,45.29767990112305
22.037059783935547,106.65733337402344,46.680809020996094
22.043886184692383,107.41374969482422,45.48387908935547
23.08796119689941,109.0659637451172,46.41482925415039
23.001523971557617,107.00568389892578,46.84927749633789
23.788558959960938,110.15084838867188,47.51424407958984
24.09109115600586,111.32532501220705,47.75363159179688
23.92731475830078,113.1566925048828,47.46990585327149
25.019153594970703,115.51556396484376,49.26976776123047
24.689327239990234,113.10693359375,48.28561019897461
25.48546600341797,109.99160766601562,49.074703216552734
24.31856155395508,111.76325225830078,49.99679183959961
23.902292251586918,109.5835189819336,46.20203399658203
21.32281494140625,117.02845001220705,44.21599197387695
21.33820533752441,117.25736236572266,44.27806091308594
21.1711483001709,118.95934295654295,45.26221466064453
21.395421981811523,116.79952239990234,45.09668350219727
22.06824111938477,115.4260025024414,44.66810607910156
22.96534919738769,118.81999206542967,46.71269607543945
22.409236907958984,117.91426849365234,46.23949432373047
22.805156707763672,118.00383758544922,46.08771133422852
22.23073005676269,114.06241607666016,44.364540100097656
21.94924545288086,113.8434600830078,45.70378875732422
21.06358528137207,108.4588394165039,43.239593505859375
21.94466209411621,113.6543426513672,45.67700958251953
22.125459671020508,116.6900405883789,46.69483184814453
22.608341217041016,116.73980712890624,47.980499267578125
22.876096725463867,121.34807586669922,49.91793441772461
22.1231689453125,120.65137481689452,50.67683029174805
24.269805908203125,123.72686767578124,50.51611328125
24.730318069458008,124.5629425048828,51.74822998046875
24.8338565826416,124.3141098022461,52.051795959472656
25.130674362182617,123.7865982055664,51.71139907836914
25.04553604125977,123.7865982055664,52.00786209106445
24.57845115661621,125.9464111328125,52.196533203125
24.78783416748047,125.91655731201172,51.81021881103516
23.729406356811523,126.5037841796875,50.49856185913086
26.59175491333008,127.74794006347656,51.37900161743164
26.126972198486328,129.33047485351562,51.89108276367188
26.02113342285156,128.0863494873047,52.061771392822266
25.88997840881348,128.16595458984375,51.58563232421875
26.24431800842285,128.3849334716797,51.92701721191406
26.91619110107422,127.2204132080078,51.13641357421875
26.94840431213379,129.4996795654297,51.6844367980957
27.208406448364254,131.66943359375,54.79288101196289
26.12467193603516,130.3755340576172,53.83160400390625
25.17182159423828,120.18357849121094,52.74454116821289
24.92898368835449,120.23334503173828,52.73556518554688
25.43777847290039,115.79425811767578,53.95105743408203
25.856386184692383,120.9001922607422,55.28061294555664
25.777751922607425,120.30301666259766,55.25348663330078
25.23426055908203,116.879150390625,54.46660614013672
26.353626251220703,119.11859130859376,56.049415588378906
26.786108016967773,120.00442504882812,56.60113906860352
27.07288360595703,118.4815902709961,57.46942138671875
27.00350570678711,116.3715362548828,56.971954345703125
26.83235740661621,118.13324737548828,56.34787368774414
27.5469970703125,123.76667785644533,56.637306213378906
27.752826690673828,127.27017211914062,56.55590057373047
27.77133178710937,128.3251953125,56.944820404052734
28.20381164550781,131.55995178222656,59.495399475097656
29.725595474243164,130.22622680664062,57.13476943969727
30.5373649597168,133.5704803466797,57.28853225708008
31.361940383911133,133.2221221923828,58.75506210327149
31.752174377441406,133.0927276611328,58.6822624206543
31.80558013916016,135.77012634277344,58.4456787109375
32.46757507324219,136.5265350341797,58.46387481689453
32.21207427978516,137.59153747558594,58.90065383911133
32.62553405761719,139.06460571289062,58.91884994506836
32.48151016235352,137.86024475097656,58.42748260498047
32.72309494018555,139.66177368164062,59.23733139038086
33.36881256103516,141.38365173339844,59.92887496948242
33.36881256103516,140.5077667236328,59.81060028076172
32.93678283691406,138.92523193359375,59.35562896728516
32.67662048339844,141.60263061523438,59.182743072509766
33.57088851928711,145.80284118652344,61.80337524414063
34.04704666137695,151.7448272705078,63.15918350219727
34.59987258911133,149.53524780273438,62.786094665527344
35.90652084350586,149.336181640625,62.294734954833984
35.04356384277344,144.1705322265625,61.75495147705078
35.871543884277344,147.37542724609375,62.853153228759766
35.84122467041016,151.66519165039062,64.43636322021484
35.9018669128418,152.90931701660156,66.14772033691406
34.74736022949219,148.8982391357422,64.35401153564453
33.65347671508789,149.09730529785156,63.96962356567383
34.022003173828125,153.1880340576172,64.3082504272461
33.52286911010742,149.87364196777344,63.33819961547852
33.46922302246094,147.7337188720703,62.38640975952149
33.83307266235352,152.77993774414062,64.0428695678711
34.7613410949707,159.2196044921875,66.60531616210938
35.064544677734375,163.75820922851562,67.92312622070312
35.792240142822266,164.83314514160156,67.7675552368164
34.996910095214844,169.06320190429688,66.42225646972656
37.04005432128906,171.17324829101562,66.25753784179688
36.87408828735352,167.29156494140625,66.34904479980469
36.96305847167969,166.12704467773438,66.6105728149414
37.45945739746094,167.91860961914062,66.90496063232422
38.14553451538086,167.26168823242188,67.2085952758789
37.9511947631836,169.919189453125,67.72379302978516
37.81538391113281,172.69607543945312,68.78184509277344
37.4360466003418,170.8348388671875,69.28784942626953
35.91641616821289,170.3073272705078,68.27582550048828
36.11309051513672,166.8934326171875,67.94459533691406
36.171630859375,169.16275024414062,68.32181549072266
36.49008560180664,171.69082641601562,70.18950653076172
36.75935745239258,172.9250030517578,71.29353332519531
36.52287292480469,173.74114990234375,71.6799545288086
36.62355041503906,169.7997283935547,72.34236145019531
39.580867767333984,179.21536254882812,76.52852630615234
40.80079650878906,179.3248291015625,77.71536254882812
41.046180725097656,177.62286376953125,77.16336059570312
40.207252502441406,178.74755859375,76.93136596679688
41.11431884765625,180.0215606689453,76.84815216064453
39.82655334472656,174.30848693847656,77.06079864501953
39.8641471862793,172.01927185058594,75.44266510009766
40.57617950439453,178.20013427734375,78.80840301513672
40.88166809082031,179.3347930908203,80.30634307861328
41.126075744628906,176.6175994873047,79.05805969238281
40.20255279541016,177.08538818359375,79.261474609375
40.66078567504883,183.4653167724609,80.54676055908203
40.95687103271485,186.9588623046875,81.20329284667969
42.08719253540039,176.7668914794922,83.34847259521484
41.60309982299805,188.46177673339844,84.97586822509766
39.469364166259766,185.10757446289065,86.84366607666016
37.7163200378418,189.3874053955078,84.86490631103516
36.4591178894043,170.77513122558594,78.60498046875
39.49108123779297,178.67788696289062,84.3624267578125
40.36409759521485,177.075439453125,84.99412536621094
42.09125518798828,180.6087951660156,87.51173400878906
41.72080993652344,179.5537567138672,86.9914779663086
42.46641540527344,184.36111450195312,89.68557739257812
42.15260696411133,182.99752807617188,87.49312591552734
40.41129684448242,168.5954132080078,85.91386413574219
39.71995162963867,151.50596618652344,83.1175765991211
39.73175811767578,155.37771606445312,83.34052276611328
40.12342071533203,157.1891632080078,84.32524871826172
41.22768020629883,163.74826049804688,86.47126007080078
40.77229690551758,167.3114776611328,89.28614044189453
38.61334228515625,158.94091796875,85.75592803955078
39.89927673339844,173.04443359375,88.25493621826172
43.68864059448242,177.1351776123047,89.3883285522461
44.6695442199707,186.11285400390625,90.7632293701172
44.290565490722656,182.8979949951172,89.73843383789062
44.61507415771485,186.0232696533203,92.05233764648438
44.41136932373047,186.78965759277344,92.32291412353516
45.78752136230469,192.03494262695312,95.34593200683594
45.29485702514648,190.6415100097656,94.28227996826172
44.72875595092773,194.9312896728516,93.42388916015624
43.928165435791016,200.5547790527344,94.36624908447266
43.62025833129883,194.9213409423828,91.00735473632812
43.56340789794922,191.82591247558597,92.4162139892578
45.0864143371582,202.585205078125,95.28062438964844
45.21905899047852,206.2579040527344,97.8837432861328
45.34459686279297,208.9552001953125,99.15267181396484
46.00070571899414,175.43316650390625,102.2782974243164
47.727420806884766,170.8448028564453,99.16200256347656
49.05619430541992,182.94776916503903,101.58785247802734
49.646575927734375,179.2053985595703,100.96273803710938
51.71688079833984,172.98472595214844,100.76119232177734
51.22010040283203,172.08892822265625,100.74246215820312
53.00041198730469,175.07485961914062,104.91975402832033
53.925025939941406,166.395751953125,101.61351776123048
53.20720291137695,165.16159057617188,104.18920135498048
51.78818130493164,159.8267364501953,105.03216552734376
51.73588943481445,162.16571044921875,107.01781463623048
53.46865463256836,168.0479736328125,107.15829467773438
55.1610221862793,161.66806030273438,107.87012481689452
53.925025939941406,157.1593017578125,105.14456176757812
51.6645736694336,152.79986572265625,100.77989959716795
52.12807846069336,153.32736206054688,101.77275848388672
52.24455261230469,150.24191284179688,101.4355697631836
52.0211181640625,151.07797241210938,100.03998565673828
48.43436050415039,149.23663330078125,100.892333984375
46.31356048583984,140.88601684570312,100.0962142944336
46.16090393066406,138.87550354003906,101.86436462402344
41.09471893310547,131.112060546875,96.9541244506836
42.826393127441406,138.0294647216797,103.6516571044922
41.67433547973633,138.97500610351562,102.71097564697266
40.33383941650391,143.82215881347656,102.60749816894533
39.61112594604492,142.98611450195312,97.80069732666016
35.02198791503906,123.47804260253906,88.5445785522461
37.6242561340332,130.4750518798828,95.54310607910156
35.28435134887695,137.4024200439453,96.0040283203125
36.32430648803711,143.1254425048828,96.70013427734376
37.17582321166992,147.60435485839844,99.82312774658205
36.42211151123047,145.14593505859375,99.89837646484376
39.41552734375,149.71438598632812,100.06769561767578
41.545528411865234,170.3571014404297,100.85785675048828
40.585880279541016,165.01229858398438,99.0047378540039
40.82302474975586,161.7377166748047,101.79853057861328
41.433876037597656,161.13058471679688,104.83114624023438
41.47698211669922,160.69265747070312,105.83248901367188
41.805152893066406,171.70077514648438,105.56800079345705
43.33584213256836,171.11354064941406,107.33454132080078
45.03899002075195,159.7172393798828,111.06603240966795
45.76482009887695,163.56910705566406,110.57479095458984
45.2066650390625,164.77340698242188,110.4614486694336
46.79485321044922,172.7259521484375,113.33325958251952
47.78894805908203,176.7469940185547,112.6814422607422
47.72428131103516,178.80726623535156,114.35352325439452
48.99385452270508,180.5888671875,116.91361236572266
48.938758850097656,190.59173583984372,122.70451354980467
50.100547790527344,191.6268615722656,119.2280731201172
48.60340118408203,188.65087890625,118.5667953491211
45.3663330078125,179.88221740722656,117.8299560546875
44.02693939208984,181.8628692626953,119.67890167236328
43.03622055053711,180.21067810058597,119.69786071777344
42.098419189453125,176.6374969482422,117.27051544189452
44.53913497924805,167.54039001464844,121.19595336914062
46.69612121582031,174.21890258789062,124.67575073242188
47.72050094604492,187.58590698242188,128.1555938720703
47.75175857543945,191.696533203125,130.6398162841797
47.593048095703125,192.09466552734372,127.01778411865234
49.110389709472656,195.47869873046875,129.95712280273438
48.5140380859375,200.2860412597656,131.22769165039062
48.89878463745117,200.85337829589844,129.20809936523438
50.21894073486328,201.4107666015625,132.0715789794922
50.42092514038086,195.0208740234375,133.72137451171875
49.05989837646485,188.13333129882807,129.80538940429688
48.91802215576172,189.2679901123047,131.69232177734375
48.93974304199219,178.8669891357422,127.45978546142578
50.77665328979492,182.94776916503903,130.58013916015625
49.842506408691406,179.51394653320312,128.8582305908203
50.3856086730957,184.79904174804688,131.15097045898438
51.47665023803711,186.6105194091797,132.3306121826172
53.84941101074219,186.59060668945312,130.8275146484375
53.77216339111328,187.2574462890625,131.77882385253906
52.54354095458984,180.42962646484372,130.69432067871094
54.061805725097656,177.24464416503906,132.26402282714844
54.79561614990234,179.603515625,131.3983154296875
55.5390739440918,179.1855010986328,132.3306121826172
56.572174072265625,188.66085815429688,133.5768585205078
57.921485900878906,181.48464965820312,129.73345947265625
60.11562728881836,188.5115509033203,137.17286682128906
61.74977493286133,192.71176147460935,136.7257537841797
62.80915069580078,189.52674865722656,137.23947143554688
64.02936553955078,192.2837677001953,140.14100646972656
64.47000122070312,198.385009765625,143.07115173339844
64.48936462402344,198.852783203125,144.3598175048828
63.95430755615234,198.7632293701172,142.7561798095703
65.54006958007812,200.10690307617188,144.85621643066406
65.72166442871094,195.82708740234372,146.278564453125
67.72628784179688,201.55007934570312,147.357177734375
68.8230209350586,204.1578063964844,150.23046875
71.0939712524414,204.2871856689453,150.5359649658203
72.24154663085938,212.06056213378903,150.42135620117188
76.73741912841797,220.8690490722656,155.86236572265625
77.16593933105469,221.0979461669922,159.50894165039062
77.06427764892578,216.9176788330078,157.5424346923828
78.41036224365234,208.54710388183597,164.9308624267578
77.82447052001953,209.12440490722656,171.72743225097656
77.5626449584961,206.2180938720703,176.06109619140625
77.41461944580078,216.7783203125,178.72439575195312
72.36202239990234,199.7784423828125,163.57225036621094
66.33873748779297,191.5671539306641,155.07254028320312
71.0855484008789,184.3013916015625,159.1501007080078
66.84107208251953,169.44143676757812,147.0513458251953
61.36382293701172,148.71910095214844,140.29368591308594
54.44988250732422,147.40528869628906,130.15711975097656
60.12129974365234,156.05450439453125,143.28965759277344
59.43936538696289,157.4479522705078,148.611572265625
64.56961059570312,173.4624786376953,158.0589141845703
69.02520751953125,176.13986206054688,164.5198974609375
65.12776947021484,169.998779296875,160.6337127685547
68.71943664550781,186.62045288085935,166.59695434570312
70.1512222290039,201.3211669921875,167.09466552734375
73.71134185791016,210.2689971923828,175.7379913330078
74.86231231689453,204.1378936767578,172.05288696289062
76.19822692871094,215.86264038085935,175.76678466796875
77.07180786132812,231.1107635498047,174.2790069580078
78.31768035888672,230.82212829589844,175.4883575439453
80.66586303710938,229.6874847412109,179.68287658691406
81.73654174804688,223.3772125244141,178.7902374267578
85.55448913574219,234.4251251220703,186.44021606445312
89.18993377685547,241.1036834716797,193.80224609375
88.03407287597656,219.60501098632807,190.4715576171875
90.97115325927734,239.1528778076172,202.2392578125
93.36315155029295,243.92041015625,205.08995056152344
93.94957733154295,239.79981994628903,195.7314910888672
94.67958068847656,238.74478149414065,203.24708557128903
90.7667465209961,229.04054260253903,193.9078063964844
106.0336456298828,250.778076171875,207.84469604492188
108.34566497802734,267.1807861328125,203.94778442382807
112.14613342285156,260.0742492675781,200.31956481933597
112.82623291015624,261.35821533203125,201.76597595214844
121.71670532226562,279.50274658203125,208.27980041503903
125.82674407958984,291.8246459960937,216.9970245361328
117.94794464111328,281.4037780761719,206.1438140869141
109.2110595703125,265.3593444824219,196.3105010986328
107.5923843383789,253.6246795654297,195.23287963867188
104.4525909423828,247.8518829345703,193.0006103515625
111.24899291992188,260.5619812011719,199.41824340820312
113.5989990234375,263.4085693359375,202.42022705078125
114.05729675292967,263.2095031738281,207.644775390625
117.70416259765624,265.46881103515625,211.34909057617188
113.95980072021484,277.4224853515625,206.6729736328125
113.69652557373048,281.9611511230469,205.1816253662109
106.0615005493164,260.13397216796875,194.67481994628903
115.93415069580078,292.0336608886719,215.25552368164065
116.44206237792967,273.7896423339844,207.28880310058597
115.28946685791016,270.6942138671875,203.6254425048828
112.49585723876952,275.6210021972656,206.3072509765625
119.87056732177734,285.205810546875,208.5742950439453
120.8766632080078,284.2403259277344,206.7220764160156
119.5677719116211,272.26678466796875,205.72845458984372
125.7117156982422,273.1924133300781,211.6708984375
127.91921997070312,266.852294921875,213.21441650390625
130.6151580810547,270.5946655273437,213.85110473632807
123.6604995727539,262.0748596191406,204.754150390625
125.8094253540039,249.9121551513672,207.3394927978516
124.86190795898438,259.8752136230469,208.796142578125
139.60153198242188,276.70587158203125,221.42385864257807
128.89605712890625,257.11822509765625,223.7680206298828
134.19992065429688,265.2398986816406,233.463134765625
132.44398498535156,270.5946655273437,234.2445373535156
127.99298858642578,272.2867126464844,236.11834716796875
123.1213607788086,264.61285400390625,225.5500946044922
125.00938415527344,263.6673583984375,229.09860229492188
118.77796936035156,263.040283203125,223.93536376953125
119.3062515258789,272.5952453613281,229.28233337402344
122.0453109741211,282.677734375,229.19528198242188
119.87361145019533,289.2666931152344,229.71743774414065
118.74862670898438,289.4557800292969,227.4549102783203
123.1604995727539,307.4609375,240.82717895507807
130.1060028076172,310.9942626953125,247.3827972412109
131.5733642578125,306.3760681152344,250.91200256347656
130.5951385498047,300.05584716796875,251.95626831054688
131.4657745361328,302.14599609375,253.30026245117188
129.656005859375,321.0667724609375,243.5248565673828
127.59307861328124,317.583251953125,244.1049652099609
122.4583969116211,303.8280639648437,234.98709106445312
122.18402862548828,312.11895751953125,235.61691284179688
124.349609375,326.2523803710937,243.95152282714844
121.78226470947266,327.5860595703125,239.76483154296875
123.36969757080078,335.0010986328125,245.9770050048828
124.79053497314452,329.7060852050781,249.93109130859372
129.1413116455078,334.93145751953125,252.8481903076172
131.012939453125,338.9923095703125,257.0833435058594
133.59005737304688,350.2393493652344,263.02410888671875
139.16571044921875,351.1251220703125,269.0909423828125
141.59588623046875,351.5033569335937,268.761474609375
143.4479217529297,339.5596618652344,272.0855407714844
143.8496551513672,349.5426025390625,277.309326171875
142.06622314453125,371.5289611816406,277.3867492675781
144.3983917236328,349.59234619140625,278.25897216796875
143.36842346191406,359.9136657714844,279.431640625
146.32232666015625,361.4763793945313,283.81219482421875
143.967041015625,353.45416259765625,288.1618347167969
145.59616088867188,366.6618957519531,293.24981689453125
149.00148010253906,377.6003723144531,293.1235656738281
153.7709503173828,380.3872375488281,291.4728698730469
146.7639617919922,374.7438049316406,288.3753356933594
143.33892822265625,363.0091552734375,291.171875
144.09461975097656,344.33709716796875,290.870849609375
140.1691436767578,338.01690673828125,275.76220703125
138.481201171875,331.3981018066406,280.3841552734375
140.14950561523438,323.92333984375,285.6955261230469
142.1416778564453,323.23663330078125,295.3859558105469
146.6952667236328,340.2762756347656,301.7460021972656
146.07699584960938,310.75543212890625,313.7960205078125
147.2252197265625,326.5409851074219,323.467041015625
147.8528594970703,337.0315856933594,327.2151184082031
147.41058349609375,339.2909240722656,326.9530029296875
155.1550750732422,337.1012268066406,331.9772644042969
159.1550750732422,339.46014404296875,328.7087097167969
161.9364013671875,309.1429748535156,321.0918884277344
168.23617553710938,321.2957458496094,325.80010986328125
172.71775817871094,332.9209289550781,330.1581726074219
168.1968536376953,332.2242126464844,314.9828796386719
173.24844360351562,333.6673889160156,325.57647705078125
175.1354217529297,342.74462890625,330.0803527832031
171.91184997558594,322.6493530273437,307.7649841308594
172.06910705566406,332.801513671875,306.4031677246094
166.87991333007812,316.6575927734375,294.4088134765625
158.840576171875,307.2618408203125,288.2998046875
167.4007568359375,300.294677734375,299.8661193847656
169.9265594482422,236.6446990966797,293.0469665527344
173.4691619873047,230.91172790527344,302.7357788085937
170.03482055664062,219.96331787109372,292.28826904296875
161.6999053955078,201.13206481933597,280.4641418457031
162.48712158203125,210.04006958007807,291.2549743652344
160.56822204589844,199.12152099609372,282.55010986328125
155.9923858642578,194.29429626464844,278.3878479003906
157.04530334472656,202.6748046875,286.96600341796875
166.1281280517578,215.6337127685547,296.39208984375
172.80003356933594,222.5411529541016,302.8645935058594
171.5305938720703,223.79525756835935,301.616943359375
169.3952178955078,221.90415954589844,293.7698974609375
167.68295288085938,213.98150634765625,280.3666381835937
164.56350708007812,199.47984313964844,279.138427734375
154.29981994628906,180.10118103027344,263.4053955078125
155.44129943847656,210.1396331787109,277.296142578125
154.99957275390625,202.8141326904297,267.8017272949219
140.49298095703125,190.34292602539065,248.9104461669922
138.7781982421875,191.33822631835935,248.2493133544922
138.32489013671875,180.42962646484372,253.6622314453125
146.68191528320312,192.73165893554688,265.63104248046875
144.02105712890625,193.33880615234372,262.58270263671875
135.1417236328125,174.74642944335938,247.18435668945312
128.17420959472656,160.11537170410156,239.3484039306641
136.2651824951172,158.00531005859375,252.91964721679688
137.21127319335938,163.17098999023438,254.28753662109372
140.8477325439453,168.9736328125,260.1009826660156
143.74513244628906,162.50411987304688,247.8487243652344
144.93760681152344,166.44554138183594,248.41542053222656
151.8557891845703,168.47596740722656,254.38519287109372
155.0685577392578,159.966064453125,270.0668640136719
163.72122192382812,168.0081787109375,275.98785400390625
162.75453186035156,167.7394256591797,275.8217163085937
170.9159698486328,180.0414581298828,286.7353820800781
169.2678680419922,167.172119140625,280.17681884765625
167.79742431640625,167.98826599121094,273.0292053222656
155.15562438964844,162.16571044921875,256.011962890625
153.91217041015625,159.6376495361328,252.70257568359372
151.8199920654297,152.41171264648438,246.7299041748047
152.4515838623047,147.32565307617188,239.41583251953125
148.4547882080078,139.75137329101562,232.95358276367188
140.6091766357422,135.77012634277344,232.54234313964844
144.4776611328125,138.32806396484375,243.99810791015625
137.15512084960938,127.9370346069336,220.7047271728516
140.54010009765625,133.41122436523438,232.5717315673828
145.33628845214844,129.40011596679688,237.06591796875
142.89869689941406,97.48057556152344,222.0167388916016
143.1256866455078,90.11528778076172,215.5055694580078
137.8966827392578,96.01747131347656,224.09251403808597
146.5757598876953,113.68419647216795,236.50782775878903
149.5511474609375,111.52438354492188,236.85031127929688
146.40773010253906,110.88739013671876,243.00672912597656
146.60540771484375,119.87503814697266,250.07632446289065
139.32012939453125,113.39556884765624,239.9432373046875
143.79808044433594,119.58639526367188,252.26593017578125
130.84861755371094,113.94298553466795,236.09425354003903
130.34446716308594,117.4862823486328,234.4054107666016
128.4366912841797,119.7754898071289,235.47569274902344
128.13023376464844,129.41009521484375,220.85540771484372
131.8766632080078,136.06869506835938,234.1894073486328
133.7152862548828,135.51132202148438,227.7285919189453
140.2295379638672,140.83624267578125,236.2513427734375
142.63162231445312,148.2711944580078,243.3209381103516
149.98614501953125,185.18719482421875,252.1186065673828
149.50230407714844,173.33306884765625,258.333984375
152.1753692626953,171.631103515625,258.0458984375
147.9084014892578,171.23297119140625,250.7814178466797
143.8592071533203,172.60650634765625,242.41448974609372
150.08641052246094,183.64450073242188,250.17112731933597
148.9676971435547,180.05140686035156,249.9447021484375
153.45245361328125,194.6924285888672,275.05535888671875
157.3432159423828,203.3217315673828,273.3131103515625
159.16485595703125,204.38673400878903,276.1184387207031
163.97634887695312,213.71278381347656,282.6840209960937
159.194580078125,212.84683227539065,278.4021301269531
163.580322265625,217.83335876464844,284.2786560058594
163.3724365234375,211.891357421875,281.2862548828125
166.7285919189453,237.44093322753903,300.0577087402344
165.77816772460938,235.9181060791016,299.6343994140625
170.05503845214844,232.2752685546875,302.1937561035156
170.58767700195312,237.73953247070312,304.6152648925781
173.65103149414062,244.4877471923828,314.04119873046875
171.49977111816406,251.5046539306641,321.51885986328125
178.53857421875,271.3312072753906,328.08892822265625
176.28814697265625,262.36346435546875,319.01318359375
181.7308349609375,270.0472717285156,329.7758178710937
183.41619873046875,282.9961853027344,333.485107421875
183.6739654541016,277.1637268066406,324.1627197265625
192.29901123046875,285.6338195800781,335.9414367675781
189.037353515625,289.1671447753906,332.6662292480469
188.8985748291016,311.9398193359375,338.0328063964844
193.41928100585935,314.5276794433594,350.2850952148437
191.95201110839844,293.08868408203125,346.2404479980469
194.7576446533203,317.10546875,331.3838195800781
180.42221069335935,309.2723999023437,323.353759765625
176.4368438720703,304.30584716796875,318.5692443847656
175.2852783203125,292.9095153808594,316.7425842285156
175.94049072265625,286.2508850097656,318.779052734375
178.87896728515625,288.8984375,320.00494384765625
188.0814971923828,294.98974609375,324.90826416015625
176.88356018066406,296.49267578125,330.4542541503906
174.46136474609375,310.2577514648437,334.8337097167969
174.21316528320312,298.2643127441406,317.1083679199219
170.70884704589844,297.5575561523437,308.576904296875
172.48580932617188,305.3807373046875,318.1265869140625
176.1986083984375,313.9503479003906,323.5242614746094
179.39517211914062,322.6393737792969,327.3797607421875
174.5605926513672,315.483154296875,326.3417358398437
172.1780548095703,311.0838317871094,326.7569580078125
169.0509796142578,301.240234375,333.45953369140625
175.36468505859375,313.1242980957031,348.7727355957031
181.0828094482422,319.0463256835937,356.5726623535156
186.887939453125,331.1492614746094,366.19189453125
189.5022430419922,335.3992614746094,369.5599060058594
189.26368713378903,337.3998107910156,379.099365234375
188.29946899414065,318.5188293457031,365.6668701171875
194.5419921875,331.1891174316406,370.708984375
196.9276580810547,331.6071472167969,362.4870910644531
193.6672515869141,347.6415710449219,367.1329650878906
191.99728393554688,356.1514587402344,370.550537109375
183.150390625,342.8541564941406,367.1131591796875
184.0350799560547,355.7533264160156,372.25433349609375
182.53407287597656,365.73626708984375,386.5980529785156
192.73284912109372,379.9891052246094,392.7793884277344
191.2716064453125,392.2911682128906,400.1295471191406
185.74481201171875,392.9281005859375,399.98095703125
188.2795867919922,467.3871765136719,410.1543273925781
184.1703643798828,457.9616394042969,402.4971008300781
180.7067108154297,469.53704833984375,399.7381591796875
180.30860900878903,479.9889221191406,404.4521484375
178.815673828125,500.4742126464844,412.3518371582031
168.20574951171875,510.3282470703125,406.0400085449219
170.3257598876953,493.7687072753906,411.9548950195313
175.2524871826172,494.4362182617188,418.2170715332031
170.0470733642578,501.1915893554688,419.6560668945313
169.23092651367188,489.5639953613281,421.3531188964844
168.78305053710938,525.4232177734375,422.2958984375
174.2173614501953,521.2584228515625,424.6876525878906
167.21044921875,492.3737487792969,408.7195739746094
166.11561584472656,494.2967529296875,404.48193359375
172.6846160888672,431.0474853515625,399.20220947265625
182.51817321777344,450.3171691894531,403.5788269042969
183.70260620117188,473.6919250488281,409.1959533691406
189.0845184326172,479.7896728515625,420.6317443847656
191.7057037353516,462.941162109375,426.5572509765625
189.3535919189453,478.1755676269531,427.8298645019531
193.38006591796875,475.75439453125,411.1270446777344
196.23046875,491.1681518554688,421.3973083496094
213.5223846435547,502.26763916015625,439.0246887207031
208.97764587402344,500.3727111816406,443.1208801269531
212.5356903076172,511.762451171875,449.54345703125
219.53216552734372,508.1520690917969,456.6222534179688
227.9139862060547,528.5978393554688,456.8807678222656
233.6148376464844,494.8473510742188,451.3330383300781
223.55862426757807,475.5286254882813,434.5805358886719
216.7614898681641,452.2104797363281,415.9788208007813
221.3361053466797,473.5737915039063,415.92913818359375
206.53585815429688,492.7828369140625,397.2975463867188
217.0522918701172,514.5850219726562,404.4559020996094
225.5535888671875,526.024658203125,416.7983093261719
224.03692626953125,530.522705078125,413.8899841308594
225.99261474609372,515.412841796875,408.9597778320313
220.3650054931641,511.3834838867188,407.26654052734375
219.6266326904297,503.45452880859375,412.5453796386719
215.84495544433597,532.3765869140625,429.6169128417969
227.6988525390625,560.3989868164062,433.53118896484375
227.02035522460935,566.8779907226562,429.5870361328125
226.281982421875,571.839599609375,415.4636535644531
225.27420043945312,591.8855590820312,413.0533447265625
230.79205322265625,589.419677734375,417.4656677246094
234.48391723632807,575.4933471679688,416.4895629882813
230.0636749267578,566.818115234375,423.0333251953125
229.5946807861328,590.79736328125,430.8021545410156
222.95928955078125,571.460205078125,409.8163146972656
223.98373413085935,582.1820068359375,416.3401489257813
224.7528839111328,553.141357421875,413.3421936035156
228.2690277099609,562.1360473632812,412.0437927246094
234.67198181152344,568.2356567382812,422.1435546875
242.74310302734372,612.7401733398438,436.544677734375
247.4978790283203,618.2708129882812,442.4428405761719
250.7642822265625,623.6851196289062,450.6863098144531
254.21051025390625,584.7297973632812,435.726318359375
255.30929565429688,599.27685546875,429.66845703125
